,baseMean,log2FoldChange,lfcSE,stat,pvalue,padj,Symbol,Significance,minus_log10_padj
2215,3087.6461925603144,6.625646523588348,1.0508429254300715,6.305077917212713,2.880489509309321e-10,2.908202884330879e-06,FCGR3B,Upregulated,5.5363752991638115
3067,991.7749414664918,4.072079330791792,0.6517308852152663,6.248099366116102,4.1547733953962745e-10,2.908202884330879e-06,HDC,Upregulated,5.5363752991638115
59340,123.89706673309477,7.772302602456221,1.2190917334146438,6.3754862652429,1.8238333520740123e-10,2.908202884330879e-06,HRH4,Upregulated,5.5363752991638115
10253,638.4843610602007,2.819961537624959,0.4702774056038418,5.996378954255935,2.0176587732610334e-09,1.059220414492711e-05,SPRY2,Upregulated,4.975013657609721
7850,2313.5580939245356,5.678383025866644,0.9948732107445254,5.70764491850892,1.1455007882805196e-08,3.9228322261145996e-05,IL1R2,Upregulated,4.406400265622884
107986127,221.6030515096327,4.021884588614709,0.707448137088994,5.685059268321704,1.3076730121816371e-08,3.9228322261145996e-05,LOC107986127,Upregulated,4.406400265622884
107986924,318.416559508768,4.3433357543271685,0.7639028480689672,5.685717451252439,1.302646143911768e-08,3.9228322261145996e-05,LOC107986924,Upregulated,4.406400265622884
2119,328.0166538075138,2.9890198688228073,0.5464667352251572,5.469719703233648,4.507478581277347e-08,0.00011831567841030376,ETV5,Upregulated,3.9269577017295076
112268150,87.56848275070287,3.634170803118107,0.6669831510704253,5.4486695762639785,5.074799216771202e-08,0.00011840634305886496,LOC112268150,Upregulated,3.9266250317205684
6506,148.86817638757046,3.991806821019227,0.7380927202866157,5.408272851504525,6.363542796559535e-08,0.0001336280351849537,SLC1A2,Upregulated,3.874102417243546
2920,1099.7936153020491,5.2697298353041315,0.990811955232661,5.318597345816948,1.0457026738144966e-07,0.0001996246404311874,CXCL2,Upregulated,3.6997858531146592
100506881,24.239919336398245,4.190320253499384,0.8053646488253613,5.203009915584253,1.9608640291011597e-07,0.00034313486455912713,MKLN1-AS,Upregulated,3.4645351527791983
6286,3374.001757181363,4.483215060396439,0.8738122486725552,5.1306388382711265,2.8876048201394465e-07,0.0004580764250345146,S100P,Upregulated,3.339062058673336
339855,108.14648073975216,3.5672505115335826,0.6967171205675474,5.120084473634999,3.053988261575887e-07,0.0004580764250345146,KY,Upregulated,3.339062058673336
8843,2016.6109765191352,4.438186198982925,0.8724818789322123,5.08685200936735,3.640556882078743e-07,0.0005096536931118101,HCAR3,Upregulated,3.29272482440544
124220,80.13309861029755,3.531449916885049,0.7019398311401178,5.030986646176114,4.879621384469434e-07,0.0006404198090779603,ZG16B,Upregulated,3.193535243210893
1960,292.62666071899406,3.8451720063984873,0.7733837757105799,4.971880878759797,6.630644409268547e-07,0.0008190405997072366,EGR3,Upregulated,3.086694569800266
1287,304.85249751616396,11.402748681748065,2.312565661550688,4.93077834343608,8.190262536915701e-07,0.0009554851278482933,COL4A5,Upregulated,3.019776068361649
3557,3350.529213526772,4.400779751874327,0.8985729033979297,4.897521097323206,9.705321694034543e-07,0.0010726423697527965,IL1RN,Upregulated,2.9695450522485687
105372652,44.37593670149229,5.090030764253389,1.043227770235571,4.879117398402854,1.0656162375759711e-06,0.0011188437686428909,LOC105372652,Upregulated,2.951230552571978
10720,131.30787634443476,6.057688802422052,1.2497736062384321,4.847028911623826,1.2532416969123466e-06,0.0012430324568032188,UGT2B11,Upregulated,2.905517531353119
115265,542.1141944049191,6.539317445192748,1.3585627542594516,4.813408452933269,1.4837758833814077e-06,0.0012430324568032188,DDIT4L,Upregulated,2.905517531353119
56978,374.19175136631605,2.2200947610118895,0.4626252178551323,4.7989056266861265,1.595349394623018e-06,0.0012430324568032188,PRDM8,Upregulated,2.905517531353119
340526,83.31663550072325,3.502762361804482,0.724605962869322,4.834023650501179,1.3380067980418877e-06,0.0012430324568032188,RTL5,Upregulated,2.905517531353119
10643,1458.3841073388976,2.876753526284014,0.5993333934990759,4.799921975795013,1.5872745741440156e-06,0.0012430324568032188,IGF2BP3,Upregulated,2.905517531353119
10461,569.0536396455168,3.7359338885737983,0.778556305456044,4.798540404069366,1.5982606949705654e-06,0.0012430324568032188,MERTK,Upregulated,2.905517531353119
6934,590.5419971122105,2.4574043199750686,0.5097277162417303,4.821013732770386,1.4283052315471907e-06,0.0012430324568032188,TCF7L2,Upregulated,2.905517531353119
9173,692.0796460418346,5.10999113122901,1.0701883767011144,4.774852019025567,1.7983944671778908e-06,0.0013487316220095903,IL1RL1,Upregulated,2.870074460021138
1667,81804.36208109328,6.754158177645911,1.4300325851158742,4.7230799129648,2.3229951594221802e-06,0.0016260191784235455,DEFA1,Upregulated,2.788874336334572
100506229,51.0917975254398,6.775214211328054,1.4330087953022923,4.727964150351796,2.2678221247374895e-06,0.0016260191784235455,LINC01093,Upregulated,2.788874336334572
338442,1524.2530189236627,3.9374651371471407,0.8356218832129244,4.712017739420351,2.452760223371876e-06,0.0016614681267930977,HCAR2,Upregulated,2.7795079857067577
105377267,163.61263710801316,5.3100483174052995,1.1293983531147678,4.701661112539004,2.5805353182582516e-06,0.001693395660878282,LOC105377267,Upregulated,2.7712415573900597
1178,3253.226475916199,4.876556706912898,1.0466285443866805,4.659300315347827,3.1728601745924537e-06,0.0020189966910989982,CLC,Upregulated,2.6948643928139755
101926887,186.43088085890602,3.7267401338168638,0.8023733449406723,4.644645983463496,3.4066009679654307e-06,0.00210397687430312,LOC101926887,Upregulated,2.6769590380058177
1668,94460.36690402115,6.9429084651381725,1.5015675581679475,4.6237736206882145,3.7682110602398154e-06,0.0021980184459437745,DEFA3,Upregulated,2.6579686672637655
25984,76.60325717775025,8.448272529819478,1.8347122519211474,4.6046852965489276,4.130900646851189e-06,0.0023444535860331923,KRT23,Upregulated,2.6299583607196286
9576,50.76941130153282,6.4632139658089605,1.411625007971251,4.578562953555007,4.68181264112317e-06,0.002587194306603827,SPAG6,Upregulated,2.587170953147809
109617001,79.80560727410108,2.4882169126128253,0.5450454955590006,4.565154529092844,4.991265359106162e-06,0.0026874764429710334,SNORA1B,Upregulated,2.570655333860535
100874239,154.0701151045837,2.610876598144652,0.5727230531987499,4.558707011290165,5.146951577958247e-06,0.002702020904638631,ARHGAP26-AS1,Upregulated,2.5683112953087757
728358,47400.06473097683,6.2103307741008305,1.3666449018259221,4.544216837748741,5.513987450963569e-06,0.0028241029873849748,DEFA1B,Upregulated,2.5491194697882733
80005,5645.6174496568865,1.86630489326955,0.41389196855497873,4.509159478946599,6.508497056159188e-06,0.003254093563863971,DOCK5,Upregulated,2.487569964095641
3576,124323.3626441252,5.35072860810488,1.1901105402031154,4.495992958092511,6.9246028007655185e-06,0.003381621725890119,CXCL8,Upregulated,2.4708749749602408
105370965,37.14599251436292,7.400367567718443,1.6530603846920344,4.476767839970427,7.578157916517494e-06,0.003616675865657974,LOC105370965,Upregulated,2.441690411908547
104326052,145.4635937974166,3.570118132211374,0.8020464691336006,4.451260955076511,8.536752626594411e-06,0.003964375180478192,NRIR,Upregulated,2.401825251487203
221438,24.777548546568706,6.0029950375378,1.3497214367540327,4.447580718562566,8.684282980237005e-06,0.003964375180478192,TREML5P,Upregulated,2.401825251487203
7503,6256.5018252776645,12.023124815763326,2.7129685346700936,4.431722912416816,9.348310106378148e-06,0.00408969091507989,XIST,Upregulated,2.3883095132512366
146225,186.54624560514387,3.87021289526785,0.8770382971993157,4.412820862699802,1.0203241716960787e-05,0.004372609649274685,CMTM2,Upregulated,2.3592592911739594
105372945,387.8838492154328,2.7723915010598232,0.6332609878355839,4.3779603580753506,1.1979513245002201e-05,0.0050311559726360245,LOC105372945,Upregulated,2.2983322187495534
112268067,32.437479590065315,4.289413899835628,0.9813010231101328,4.371149931384736,1.235938840529749e-05,0.005088917590643961,LOC112268067,Upregulated,2.2933745819854936
105372272,309.8109913295039,3.9504200829734124,0.9051548091234614,4.3643584977457515,1.274963450531848e-05,0.00514864567263813,LIMASI,Upregulated,2.2883069950853665
8993,1736.7615920159851,5.95219779830914,1.3702975598128568,4.343726481657048,1.4008591323476753e-05,0.005550309607579026,PGLYRP1,Upregulated,2.255682790370512
339834,38.039018341668275,4.3759286316045225,1.0089175334569054,4.3372510502528945,1.4427580145346203e-05,0.00561045843466898,IHO1,Upregulated,2.2510016507736594
116844,819.7982477174096,2.941893085079049,0.680048286871605,4.326006170256682,1.5183717083453957e-05,0.0057971431824627205,LRG1,Upregulated,2.236785972945507
2921,275.2001378950872,4.608273676734469,1.0671647501928148,4.318240155422908,1.5727824377865888e-05,0.00589765328769296,CXCL3,Upregulated,2.229320762416247
27293,63.58514347705224,2.610913179963743,0.6084102152969705,4.291369727724464,1.7757436728014778e-05,0.0065419019973961805,SMPDL3B,Upregulated,2.184295966219728
105377587,63.47641860090516,3.148683039025215,0.7372309669883677,4.2709587361580486,1.946344221808862e-05,0.006811880385627383,LOC105377587,Upregulated,2.166732986710328
3976,84.03971332929285,3.574688167940321,0.8366709292751989,4.272513891497394,1.932815083938618e-05,0.006811880385627383,LIF,Upregulated,2.166732986710328
84418,946.6851448084166,3.2585460260210573,0.7625270987820579,4.273351112669636,1.9255687800290495e-05,0.006811880385627383,CYSTM1,Upregulated,2.166732986710328
1649,2796.4646363911,2.339796706182258,0.5490219539110446,4.261754360666904,2.0282831918867307e-05,0.006982281761709747,DDIT3,Upregulated,2.1560026297288406
5724,3094.284312631308,2.58653338621094,0.6095354912584694,4.2434500095649685,2.2010942294466326e-05,0.007454964149056426,PTAFR,Upregulated,2.1275544407293507
9560,523.0148162468066,4.274653346028221,1.0120972683617826,4.2235598095698155,2.404735156960094e-05,0.007626881467667545,CCL4L2,Upregulated,2.1176530030983622
366,6217.687083808844,3.5226409284993845,0.8319488402073091,4.234203785441417,2.2936288716982317e-05,0.007626881467667545,AQP9,Upregulated,2.1176530030983622
5553,4418.221795345657,4.9766549433796285,1.1777560667311453,4.225539637585824,2.383688606762134e-05,0.007626881467667545,PRG2,Upregulated,2.1176530030983622
55509,64.20380551191012,3.758421272186479,0.8904344871853217,4.220884665043592,2.4334542517916355e-05,0.007626881467667545,BATF3,Upregulated,2.1176530030983622
9732,869.6861977589218,2.720668379578287,0.6430688350584631,4.230757628506353,2.329055214583671e-05,0.007626881467667545,DOCK4,Upregulated,2.1176530030983622
105378415,174.67062956487092,3.9361343582843062,0.9354610687275321,4.207694461981686,2.5798936540224054e-05,0.007649368417390509,LOC105378415,Upregulated,2.116374421600052
57568,1374.3389964228636,2.632796578645479,0.6251903633546826,4.21119187525263,2.540268648622962e-05,0.007649368417390509,SIPA1L2,Upregulated,2.116374421600052
80139,50.54081835340637,5.056375054479342,1.2018583861539602,4.2071304845324855,2.5863381953175207e-05,0.007649368417390509,ZNF703,Upregulated,2.116374421600052
107986482,20.50750656752768,5.498549360931729,1.3049469058721423,4.213619217907453,2.5131083830720276e-05,0.007649368417390509,LOC107986482,Upregulated,2.116374421600052
6947,2295.704115769838,4.955829435550571,1.1792296114114256,4.202599211886238,2.6386753757076335e-05,0.007695770029789527,TCN1,Upregulated,2.1137479186580888
1669,3931.7312671989025,6.180813354216928,1.4732295195706433,4.1954178029355935,2.7236905043721663e-05,0.007834900945385085,DEFA4,Upregulated,2.105966489832864
107987250,48.17285196272264,3.011593699497829,0.7200315973196967,4.182585473621473,2.8821260720457174e-05,0.008178616944174056,LOC107987250,Upregulated,2.0873201320618877
115273,20.223167927031117,5.153288603307851,1.2331655208083514,4.178910710972378,2.929086468782666e-05,0.00820105156772896,RAB42,Upregulated,2.0861304572770663
6372,24.406335858967903,6.789833310293991,1.6275846370107445,4.1717236424425455,3.023041482580616e-05,0.008352743170093466,CXCL6,Upregulated,2.0781708720630743
105377499,72.73444359611159,2.6629641486399382,0.6409990424868706,4.154396453243505,3.261472686014218e-05,0.008894501939430203,LOC105377499,Upregulated,2.0508783658502256
9383,2899.370883201251,11.00243653734048,2.658592693839841,4.138443832646479,3.496694491360042e-05,0.009413729182573015,TSIX,Upregulated,2.026238299784031
112268246,177.19553503089654,1.9933223029379064,0.48299687283742637,4.126988009731578,3.675455496026363e-05,0.00966326226415738,LOC112268246,Upregulated,2.0148762334037595
3240,2629.6617306292046,4.19181079668816,1.0174118221340376,4.120072821540219,3.787526724118663e-05,0.009699301668264366,HP,Upregulated,2.0132595330056025
285848,231.673100502348,3.3282796111160837,0.8077254936583145,4.120557834620011,3.77956173443818e-05,0.009699301668264366,PNPLA1,Upregulated,2.0132595330056025
112268100,683.7167836147265,1.7303505674070292,0.4219618699036385,4.1007273188029565,4.118536387784221e-05,0.01041989706109408,LOC112268100,Upregulated,1.98213657144145
105374412,31.073639110248834,6.32315134321171,1.5435532355321335,4.0964906150657185,4.19460484917764e-05,0.01048601276522396,LOC105374412,Upregulated,1.9793896179304253
1670,1307.6610070943605,12.231250058430891,2.9978466490531543,4.080011918653022,4.5033391708390076e-05,0.010996002238191666,DEFA5,Upregulated,1.9587651804296795
5341,26090.195376164895,2.4626997195815505,0.6044290329181207,4.074423274626454,4.612851754919264e-05,0.011133939540408002,PLEK,Upregulated,1.9533511413314402
284751,24.168697620897948,4.370946414803798,1.0782400192403165,4.053778691949671,5.039689600592642e-05,0.01195142447661266,LINC01270,Upregulated,1.9225803285682805
100874190,29.93963698954171,6.300211447536117,1.5546135077498628,4.052590187933592,5.0653687243131894e-05,0.01195142447661266,SAMSN1-AS1,Upregulated,1.9225803285682805
3383,4385.298428364831,3.481380462299724,0.861011123232713,4.043362934997509,5.268996348639326e-05,0.012158643332426066,ICAM1,Upregulated,1.915114881157951
414062,1252.4223333012558,3.677109890135412,0.9151979222580783,4.017830242733546,5.873648560829002e-05,0.013121355971154065,CCL3L3,Upregulated,1.8820212823109252
710,196.05379081813234,3.2188152924023767,0.8003846775218829,4.021585348645524,5.7807754532140406e-05,0.013121355971154065,SERPING1,Upregulated,1.8820212823109252
100506413,39.909132889736675,8.46725012047124,2.1068755904076433,4.018865736079356,5.847898101039941e-05,0.013121355971154065,DOCK4-AS1,Upregulated,1.8820212823109252
449491,332.47597465935775,8.069714339403706,2.013341106361256,4.008120786838864,6.120381724767897e-05,0.013249679983340316,DEFA8P,Upregulated,1.8777946110213468
211,2347.5990281092245,2.0210948292973536,0.5042169446122946,4.00838339705427,6.113581148713585e-05,0.013249679983340316,ALAS1,Upregulated,1.8777946110213468
113730,66.17642706733058,3.903825595436243,0.972935300919082,4.012420550213872,6.0099309101440836e-05,0.013249679983340316,KLHDC7B,Upregulated,1.8777946110213468
65061,85.46478311341129,4.6145700505464795,1.1542340366998016,3.997950072361847,6.389342352521221e-05,0.013552505056625568,CDK15,Upregulated,1.8679804220061085
84658,565.1625909434784,2.525056512081813,0.6314574459421929,3.998775417580507,6.36710599480535e-05,0.013552505056625568,ADGRE3,Upregulated,1.8679804220061085
105377303,249.44010795429332,2.68857819450858,0.6730415905405568,3.9946687281973685,6.478477128569073e-05,0.013604154122282197,PRDM8-AS1,Upregulated,1.8663284565630773
101927723,8219.458955290276,2.665017249175097,0.6683755515567199,3.9873051055921778,6.682806154474183e-05,0.013758063376255233,LOC101927723,Upregulated,1.8614426943126032
7053,65.93741286758906,9.193218163845021,2.3047759697273245,3.988768663243509,6.641715259398293e-05,0.013758063376255233,TGM3,Upregulated,1.8614426943126032
79143,472.22949509560834,1.919236127604334,0.4825502209551403,3.97727748172092,6.970880347817515e-05,0.014211797711050486,MBOAT7,Upregulated,1.8473509828320036
1316,19356.900633425128,2.1548328564947603,0.5422317179231632,3.974007394381364,7.067336739394931e-05,0.014269904249091745,KLF6,Upregulated,1.8455789409870074
107987107,191.33719234249082,1.6972050079294685,0.4280329753960771,3.96512676706502,7.33569513916747e-05,0.01467069164070264,LOC107987107,Upregulated,1.8335494111287698
113839522,30.65582833696682,2.433597546029552,0.6143560725169063,3.961216719254586,7.456881308116733e-05,0.014679037655635037,MIR6529,Upregulated,1.8333024154381368
105371529,28.83800779809798,3.0943954277371373,0.7813167044330085,3.9604879944077225,7.479675361459826e-05,0.014679037655635037,LOC105371529,Upregulated,1.8333024154381368
10135,39455.312177988555,2.87512192278402,0.7284739216816293,3.946773984917688,7.921126642143186e-05,0.015125088604860571,NAMPT,Upregulated,1.8203020725109114
112268092,20.751570591291554,4.761586817094291,1.205722224986054,3.9491573750739857,7.842677937346449e-05,0.015125088604860571,LOC112268092,Upregulated,1.8203020725109114
8288,1395.537388572224,5.255324464268209,1.33156892900311,3.9467160503682304,7.923042747438748e-05,0.015125088604860571,EPX,Upregulated,1.8203020725109114
6590,809.6332842085267,5.665394052249479,1.4365715641466625,3.943690793862245,8.023709997975426e-05,0.015179269031305042,SLPI,Upregulated,1.8187491417023431
388780,32.71493412391828,7.217915679887005,1.8348328234773121,3.9338274242379527,8.360381991004817e-05,0.015536253223815057,LOC388780,Upregulated,1.8086537088566847
2537,423.0254090919024,3.475972844205232,0.8831884431148573,3.935709158451009,8.295138303314375e-05,0.015536253223815057,IFI6,Upregulated,1.8086537088566847
5004,993.3167383961471,3.9972148205941607,1.0196526074026173,3.920173195826322,8.848535374605813e-05,0.016299157397486618,ORM1,Upregulated,1.7878348463371836
7177,71.4017365553518,5.471222857684509,1.4037667290854476,3.897529941637101,9.717881039642498e-05,0.017293710504360408,TPSAB1,Upregulated,1.7621118153621962
389421,173.93734324298896,10.593260769140311,2.7156657522728445,3.9007969814674017,9.587653021029848e-05,0.017293710504360408,LIN28B,Upregulated,1.7621118153621962
1906,362.5601113532791,4.97159502409343,1.2749103516591882,3.899564402801592,9.636590265265996e-05,0.017293710504360408,EDN1,Upregulated,1.7621118153621962
93432,143.09816003426747,4.010919655464736,1.028784842259644,3.8986962975222985,9.671198219000447e-05,0.017293710504360408,MGAM2,Upregulated,1.7621118153621962
149647,23.115273503974716,5.360848146146229,1.3802281060373058,3.8840305618304316,0.00010273898513401715,0.01773216538155538,GARIN4,Upregulated,1.7512382268447328
148113,21.393617795254542,5.247236323047531,1.350799166006344,3.8845421696261893,0.00010252289791842728,0.01773216538155538,CILP2,Upregulated,1.7512382268447328
107985568,46.94874570924865,2.077385702794348,0.534140809815867,3.889209857435308,0.00010057112530069207,0.01773216538155538,LOC107985568,Upregulated,1.7512382268447328
10221,8259.614645204987,2.3154178035395545,0.5962399215853473,3.8833659399777702,0.00010302034270916501,0.01773216538155538,TRIB1,Upregulated,1.7512382268447328
4318,2710.269944058532,4.540574263723442,1.1701157236860058,3.880448892200239,0.00010426385316268034,0.017800297988318087,MMP9,Upregulated,1.7495727272641977
105372903,57.7691877927693,2.184779158999947,0.5635980791181244,3.8764843954374784,0.00010597660321440422,0.017946795894348985,LOC105372903,Upregulated,1.7460130763120287
109617012,23.248823649165715,2.6695905563795668,0.6892977422381945,3.872913536190084,0.00010754198787925094,0.017951203320497218,SNORD53B,Upregulated,1.7459064341087274
4920,42.11670863533708,4.691414724841499,1.2114605413220665,3.872527882519194,0.00010771234908246343,0.017951203320497218,ROR2,Upregulated,1.7459064341087274
107986512,129.72489426748555,2.3153101365623874,0.599330623780697,3.8631600734114833,0.00011192960939052423,0.018406654258092462,LOC107986512,Upregulated,1.7350251451895322
2919,631.0837546343244,3.3991772051754703,0.880892766238731,3.8587866031519416,0.00011395138118729559,0.018406654258092462,CXCL1,Upregulated,1.7350251451895322
50486,1784.7186036743972,2.9884929663223407,0.773914525681319,3.8615284597370856,0.00011267988351702343,0.018406654258092462,G0S2,Upregulated,1.7350251451895322
23414,24.92721287082726,4.495067343911627,1.1647869777776636,3.859132553566076,0.00011379020873323669,0.018406654258092462,ZFPM2,Upregulated,1.7350251451895322
100500827,100.97800959243395,1.6733268969829933,0.4347133070737594,3.849265411833997,0.00011847258369237369,0.018990883854627136,MIR3614,Upregulated,1.7214548222953796
101927851,102.2314799611231,3.252427705696555,0.8454088557690678,3.847165408195096,0.00011949230016465659,0.019009233417860788,LNCATV,Upregulated,1.7210353965015084
105375668,57.918407399954226,2.3580466579554367,0.6148909172966611,3.8349024056534735,0.00012561416138495837,0.01983287048814091,LOC105375668,Upregulated,1.7026144241234769
3047,112718.14360036264,6.102666558401585,1.5943459395235176,3.827692853299713,0.00012935002737763987,0.02016158963747049,HBG1,Upregulated,1.6954752289941286
107984333,19.94354108108233,5.414499907826934,1.4154190950731111,3.825368702933358,0.00013057651272422433,0.02016158963747049,PRPF19-DT,Upregulated,1.6954752289941286
1435,905.247110013917,3.2341717462221276,0.8453535037482404,3.825821661449356,0.00013033662395867484,0.02016158963747049,CSF1,Upregulated,1.6954752289941286
6319,1563.5723752289086,1.9989651294739696,0.5235788278608314,3.8178876285755767,0.0001345992039806792,0.02063101229481958,SCD,Upregulated,1.6854794621253293
80381,22.29823569837759,5.3174192254878365,1.3970428241581352,3.806196298021243,0.00014112039229025793,0.020901876675256108,CD276,Upregulated,1.6798147190029062
3556,1925.655865236297,1.8137683714605572,0.4760302693410781,3.8101954608289477,0.00013885696528847738,0.020901876675256108,IL1RAP,Upregulated,1.6798147190029062
105373994,18.186580178387842,4.022703234678277,1.0550962171515497,3.812641131003574,0.00013748967379662873,0.020901876675256108,LOC105373994,Upregulated,1.6798147190029062
105378225,70.05398229523179,5.4077610371670755,1.4209240445526041,3.8058058471871217,0.0001413432300531629,0.020901876675256108,LOC105378225,Upregulated,1.6798147190029062
154092,33.77108990542939,6.486777197523053,1.7036984887346354,3.8074678356619827,0.0001403969926439984,0.020901876675256108,LINC01010,Upregulated,1.6798147190029062
105373148,55.92484305160065,2.977922964082797,0.7835702347732791,3.800454422499139,0.000144430982314823,0.021209134249153622,LOC105373148,Upregulated,1.6734770588992374
249,186.5711113167901,4.333377961425577,1.1436161289466096,3.789189267046341,0.00015113973295303074,0.022040161474171475,ALPL,Upregulated,1.6567852280105995
133,738.9954989100135,2.6583659158803417,0.7041783784158385,3.7751314118174992,0.00015992333335402008,0.023160207428283223,ADM,Upregulated,1.6352575552833155
84985,19.49297025906937,5.67478473400526,1.5058156787523669,3.768578594364925,0.0001641797924281413,0.023613777131496844,FAM83A,Upregulated,1.6268345399790545
105369402,301.64533882230285,2.5488478957474667,0.6770746412502815,3.764500603715982,0.0001668822651240667,0.02369207245111,LOC105369402,Upregulated,1.6253969479427448
115271120,82.7964349060746,2.656590952899933,0.7060387673849514,3.7626700906800035,0.0001681089001959803,0.02369207245111,LDLR-AS1,Upregulated,1.6253969479427448
2152,239.69832596116427,3.995363007439489,1.0617378103786752,3.7630410901675604,0.00016785960852359777,0.02369207245111,F3,Upregulated,1.6253969479427448
6446,9990.656112252922,2.5016229947055812,0.6676827453989466,3.746724042135968,0.00017915899179565817,0.025081064458113506,SGK1,Upregulated,1.6006540356852266
106635520,29.152448669314467,3.8544658906470564,1.0303672130659904,3.7408662094144054,0.00018338712789091514,0.02550295561974389,SNORA87,Upregulated,1.593409484861665
109729184,425.12110266405176,3.947305677288804,1.0575458367634436,3.732514979558049,0.0001895774189856413,0.026182116530167634,SLC12A5-AS1,Upregulated,1.5819952485332314
107987225,13.295172377047898,5.108728505826854,1.371678163076862,3.7244367106984315,0.00019575181176419441,0.026182116530167634,LOC107987225,Upregulated,1.5819952485332314
105372412,41.97339221898755,5.0513882329861755,1.3556727488897444,3.726111804728031,0.00019445617720128562,0.026182116530167634,LOC105372412,Upregulated,1.5819952485332314
79104,32.51555458259563,6.436680503135968,1.7255879307429494,3.730137646688723,0.00019137519105342165,0.026182116530167634,MEG8,Upregulated,1.5819952485332314
101928037,17.48466874336731,6.316173098173352,1.695669246425978,3.7248850927067134,0.00019540420905617782,0.026182116530167634,LOC101928037,Upregulated,1.5819952485332314
2204,10594.308805061888,2.7556241701551896,0.7408233657813489,3.719677722703608,0.00019947714435215863,0.02651152249525936,FCAR,Upregulated,1.5765653310257302
92749,29.44719267913246,8.029385530276649,2.16026227154202,3.71685680764363,0.00020171669170956544,0.026640558548485314,DRC1,Upregulated,1.5744566739468526
11172,53.66909892003025,2.4442265929348146,0.6624409109718634,3.689727721298045,0.00022449419686457517,0.02925021996296878,INSL6,Upregulated,1.5338708636554974
105377054,41.87160198112724,8.536187917851278,2.3131677638134582,3.6902588957830837,0.00022402593422675033,0.02925021996296878,LOC105377054,Upregulated,1.5338708636554974
5806,1648.9067419372625,3.0417112412883753,0.8246661945947515,3.6884150959808655,0.00022565529949049678,0.02925021996296878,PTX3,Upregulated,1.5338708636554974
102724446,48.6479084715693,5.257944542270651,1.4273400283366753,3.6837364873721787,0.00022983984791762987,0.029609858689707426,LOC102724446,Upregulated,1.5285636652357175
101928235,253.1486849082393,2.364191328292083,0.6423030240077191,3.680803670424056,0.0002324999788315798,0.029769921070026486,PIK3R5-DT,Upregulated,1.5262223168110312
3696,98.4161547828473,3.193059671606998,0.8688725214928741,3.674946085440435,0.00023789964659248576,0.029953964032240488,ITGB8,Upregulated,1.5235456960322717
1439,4135.9632278383715,1.8184094791776746,0.49446330105210085,3.677541842455304,0.0002354924549047539,0.029953964032240488,CSF2RB,Upregulated,1.5235456960322717
105373211,74.22964944277757,2.9838339141055847,0.812014639361544,3.6746060593829424,0.00023821667666956337,0.029953964032240488,LOC105373211,Upregulated,1.5235456960322717
56729,316.4914405770501,2.4294525594814904,0.6622221343035696,3.668636902383882,0.0002438471078039697,0.030479437004616427,RETN,Upregulated,1.515993059249976
6348,2248.6838412370225,3.509727639368706,0.9592823739532985,3.658701269475814,0.00025349661662737305,0.03131279677975416,CCL3,Upregulated,1.5042781405667622
105370335,21.05786071748665,3.998944676048698,1.0926014075567325,3.6600215306248876,0.00025219405676208425,0.03131279677975416,LOC105370335,Upregulated,1.5042781405667622
9625,88.08516747352814,3.146117528123415,0.863457756718431,3.643626458438716,0.0002688234806661192,0.03301183783922712,AATK,Upregulated,1.4813302968991091
2706,21.145113740236283,5.803250458040195,1.594273574560658,3.6400593666237158,0.00027257518855834537,0.03327794409614357,GJB2,Upregulated,1.477843512167377
6398,319.81575375571805,3.1533209564139018,0.8669557929532278,3.6372338498048697,0.00027558171293880023,0.03345052248555992,SECTM1,Upregulated,1.475597094313994
967,4744.968901622186,1.6577967666805506,0.4566532362283177,3.6303186644924694,0.00028307152018994757,0.034162177313038555,CD63,Upregulated,1.4664544575116094
148823,318.188264789434,3.391046722466363,0.9370185676525247,3.618974948342611,0.0002957722660013454,0.03528932848728552,GCSAML,Upregulated,1.4523566056536645
105376001,108.06897724803808,3.0853301485663853,0.8529448286202898,3.617268133927452,0.0002977288348833005,0.035322077987087155,LOC105376001,Upregulated,1.4519537549308443
2687,39.16238040827158,3.825351039944474,1.0583031063155761,3.6146081563175434,0.0003008022238691856,0.03548621291589342,GGT5,Upregulated,1.4499403460310625
100313829,28.25674050815777,3.264997887219814,0.905350162382339,3.6063371089792446,0.0003105496480241069,0.03643146401596772,MIR548O,Upregulated,1.438523376074011
3119,2299.0363608933726,2.9662232168148734,0.8230214806253275,3.6040653696683007,0.0003132782087745951,0.036547383922542906,HLA-DQB1,Upregulated,1.4371437045793316
105376311,77.05218619801282,3.308156794231754,0.918811047361361,3.600475640483546,0.00031763558775140693,0.03685099285741322,LOC105376311,Upregulated,1.4335508066736644
105371088,59.72009231699405,2.6030968219375463,0.7249301447300621,3.5908243585412576,0.0003296337262587649,0.03735691145133635,LOC105371088,Upregulated,1.4276290370214142
105371268,23.266054606989428,7.69060053383297,2.1456858126118,3.5842155867506604,0.0003380927483664105,0.03735691145133635,LOC105371268,Upregulated,1.4276290370214142
84076,16.922529497950887,6.270622338578416,1.7501473092357536,3.5829111672414835,0.00033978618444712805,0.03735691145133635,TKTL2,Upregulated,1.4276290370214142
731424,282.70375651001865,2.9593758273194726,0.8242418900506905,3.5904215292157406,0.0003301436139083667,0.03735691145133635,MIR3945HG,Upregulated,1.4276290370214142
170949,283.24895508309817,9.050960920045185,2.5236719050645813,3.5864253597630666,0.00033524196252174326,0.03735691145133635,DEFT1P,Upregulated,1.4276290370214142
285758,451.903443576614,3.109117656840808,0.8674142010776545,3.584351804452953,0.000337916362593433,0.03735691145133635,MROCKI,Upregulated,1.4276290370214142
107985893,45.75519392414605,3.211675023651475,0.8942393355518908,3.5915161590038425,0.0003287597879266085,0.03735691145133635,LINC01888,Upregulated,1.4276290370214142
55194,13.484063403229385,4.15725566841272,1.160098291208755,3.5835374467116066,0.00033897214191765617,0.03735691145133635,EVA1B,Upregulated,1.4276290370214142
5909,108.4747495180664,3.3075086069198676,0.9223737651888383,3.5858658731937365,0.00033596161139169174,0.03735691145133635,RAP1GAP,Upregulated,1.4276290370214142
5003,62.867146162038175,2.3200410476168547,0.649002342918574,3.5747806967592646,0.0003505215785123957,0.038336472016571865,SLC22A18AS,Upregulated,1.4163878563571195
30835,38.07747832881268,8.399156707050865,2.35100683064427,3.57257860656626,0.0003534833281141696,0.038460085010722525,CD209,Upregulated,1.4149897601483217
105378490,21.845433641411432,3.234432820194166,0.9061833858944526,3.5692916804048487,0.00035794772061736277,0.038745073119814434,LOC105378490,Upregulated,1.4117835151684215
5265,5797.057641803581,2.2927737519893836,0.6443211066997682,3.5584334086664313,0.00037307334752693016,0.039970240942438805,SERPINA1,Upregulated,1.398263233785023
30817,1968.0677770614666,2.1828614791444267,0.614044909653501,3.5548889744500807,0.00037813872750659395,0.0403072849690912,ADGRE2,Upregulated,1.3946164542074764
3429,1292.0508826053333,5.866845594524464,1.651845884022011,3.5516906578714993,0.0003827645732831678,0.04059430946653152,IFI27,Upregulated,1.3915348418044609
107984917,27.59929993757969,3.1385353756281464,0.8857389777282603,3.5434088987230186,0.0003949897528373997,0.04147194909916278,LOC107984917,Upregulated,1.3822455531790432
10964,6058.224458654426,3.6472455824615726,1.030263202538236,3.540110501351439,0.00039995952988015356,0.041784826706235546,IFI44L,Upregulated,1.3789813946379277
100506142,369.9838964456213,2.0238783568762257,0.5736721988220942,3.527935223341485,0.00041881463294028454,0.04353806176788631,RHOQ-AS1,Upregulated,1.361130908833009
246754,31.76705093565533,3.361028795491499,0.9533334491139309,3.525554252413343,0.0004225976080363096,0.043714912173174705,MTVR2,Upregulated,1.359370389807761
113218511,23.535416933694112,6.741089705148171,1.9141713621154794,3.5216751428660698,0.00042882929105814843,0.043926762355756384,MIR9902-2,Upregulated,1.3572708054495992
10410,1071.2994242642906,2.8974115706539503,0.8237070234757796,3.5175268488397755,0.0004355882824606075,0.0439755689586072,IFITM3,Upregulated,1.3567885329055196
3949,2727.406472642696,2.4706837392587664,0.703051155998916,3.5142303915969606,0.0004410301166078177,0.044311920663385476,LDLR,Upregulated,1.353479425426925
4940,4587.639537523382,3.188662543976113,0.9083554412961942,3.5103687378434074,0.00044748568050838105,0.044746437166645205,OAS3,Upregulated,1.3492415386824863
100422952,34.221288548527916,1.886314760464129,0.5380011123045346,3.5061540158979887,0.0004546320679290668,0.04492630594837016,MIR4271,Upregulated,1.3474992896685747
64499,53.77811810955424,5.231946503568345,1.4924846443927888,3.505527861358293,0.0004557028033241032,0.04492630594837016,TPSB2,Upregulated,1.3474992896685747
55057,62.04301000560602,2.77739976761763,0.7919341439517782,3.507109510089199,0.00045300267973906515,0.04492630594837016,CRYBG2,Upregulated,1.3474992896685747
2180,15473.624284093752,2.1220348315718476,0.6060791915484174,3.5012501025657246,0.00046308103919793283,0.04534518482455276,ACSL1,Upregulated,1.3434688236017691
10581,2421.859175453821,2.4831250498770476,0.7096373365057786,3.4991465670392157,0.0004667499371169068,0.04537630522924965,IFITM2,Upregulated,1.3431708694884368
85414,171.7841527961619,3.069846096643871,0.8778986249022452,3.496811601664943,0.00047085423506019574,0.04556436904160853,SLC45A3,Upregulated,1.341374639296883
107986332,15.549939447159215,4.791995036048136,1.372699379263491,3.4909282457891373,0.0004813455093745935,0.04615422078245246,LOC107986332,Upregulated,1.3357885767895428
105375741,27.938893297165873,7.9549623105356355,2.2834261661931397,3.4837834602718565,0.0004943792970340477,0.04718850390189986,LOC105375741,Upregulated,1.3261637916218567
105373973,144.2163953534978,2.440854239521383,0.7009938401123244,3.4819909959982964,0.0004977004269351003,0.047290548711358245,LOC105373973,Upregulated,1.325225646844533
1848,7076.761893915798,2.0767631723638633,0.5967723854165584,3.4799920758971505,0.000501428613075186,0.04743017768453077,DUSP6,Upregulated,1.3239452483764504
10401,274.91453704400413,1.550426636694519,0.44609260478998686,3.475571260421218,0.0005097665387995312,0.047817989033036155,PIAS3,Upregulated,1.3204086919220355
3250,142.116297669414,3.3027147617276147,0.9512791293713783,3.471867152084064,0.0005168520374803289,0.047817989033036155,HPR,Upregulated,1.3204086919220355
112268175,59.84658426791378,5.066929108046318,1.4613930361786132,3.4671912227635877,0.0005259276014047764,0.047817989033036155,LOC112268175,Upregulated,1.3204086919220355
84225,66.6261058675985,2.9751424785030256,0.8582706405626961,3.46643860094349,0.0005274021751497756,0.047817989033036155,ZMYND15,Upregulated,1.3204086919220355
101929639,36.73023508329346,2.537078985936466,0.7316794153244149,3.4674735038316826,0.0005253755338756952,0.047817989033036155,B4GALT1-AS1,Upregulated,1.3204086919220355
2114,7685.220838458649,2.0482302132093064,0.5909524761727386,3.465981268873806,0.0005283000836070474,0.047817989033036155,ETS2,Upregulated,1.3204086919220355
105370622,14.607588591245959,6.050351419667699,1.7452552899411344,3.466742919811904,0.0005268054752659557,0.047817989033036155,LOC105370622,Upregulated,1.3204086919220355
105371873,32.3760212623368,8.166160737906395,2.359506257623413,3.460961678538489,0.0005382494261140193,0.048509440768104255,LOC105371873,Upregulated,1.3141737320267166
597,6322.566815414135,2.5638655475372762,0.7412497213414146,3.45884183659123,0.0005425033738346546,0.0486351113033535,BCL2A1,Upregulated,1.3130500858874623
100506585,124.9970446131827,2.533916731946815,0.7340761719916874,3.45184441155721,0.0005567686796259194,0.04954061654010458,PTPRN2-AS1,Upregulated,1.3050385928592023
693214,13.895771282105619,5.977898027708398,1.732446505091319,3.4505527357644428,0.0005594398569668776,0.04956825973184584,MIR629,Upregulated,1.3047963282629658
